gene1,gene2,score,nscore,fscore,pscore,ascore,escore,dscore,tscore,combined_score
INVS,RPGRIP1L,0.75,,,,,,,,
INVS,CEP290,0.785,,,,,,,,
INVS,IQCB1,0.81,,,,,,,,
INVS,NPHP4,0.959,,,,,,,,
INVS,NPHP1,0.965,,,,,,,,
INVS,NPHP3,0.974,,,,,,,,
IQCB1,RPGRIP1,0.856,,,,,,,,
IQCB1,RPGRIP1L,0.872,,,,,,,,
IQCB1,NPHP1,0.943,,,,,,,,
IQCB1,NPHP3,0.951,,,,,,,,
IQCB1,NPHP4,0.953,,,,,,,,
IQCB1,RPGR,0.989,,,,,,,,
IQCB1,CEP290,0.999,,,,,,,,
NPHP1,BCAR1,0.893,,,,,,,,
NPHP1,RPGRIP1,0.907,,,,,,,,
NPHP1,RPGR,0.948,,,,,,,,
NPHP1,CEP290,0.978,,,,,,,,
NPHP1,NPHP3,0.987,,,,,,,,
NPHP1,TMEM67,0.994,,,,,,,,
NPHP1,NPHP4,0.999,,,,,,,,
NPHP1,RPGRIP1L,0.999,,,,,,,,
NPHP3,TMEM67,0.865,,,,,,,,
NPHP3,CEP290,0.919,,,,,,,,
NPHP3,RPGRIP1L,0.941,,,,,,,,
NPHP3,NPHP4,0.983,,,,,,,,
NPHP4,BCAR1,0.941,,,,,,,,
NPHP4,RPGR,0.966,,,,,,,,
NPHP4,TMEM67,0.969,,,,,,,,
NPHP4,CEP290,0.976,,,,,,,,
NPHP4,RPGRIP1,0.997,,,,,,,,
NPHP4,RPGRIP1L,0.999,,,,,,,,
RPGRIP1,CEP290,0.951,,,,,,,,
RPGRIP1,RPGR,0.999,,,,,,,,
TMEM67,RPGRIP1L,0.975,,,,,,,,
TMEM67,CEP290,0.997,,,,,,,,
CEP290,RPGRIP1L,0.981,,,,,,,,
CEP290,RPGR,0.981,,,,,,,,
RPGRIP1L,RPGR,0.982,,,,,,,,
SHPK,FGGY,0.879,,,,,,,,
SHPK,CTNS,0.978,,,,,,,,
HS1BP3,CTNS,0.763,,,,,,,,
TNNI3,TNNT2,0.999,,,,,,,,
FGGY,CTNS,0.719,,,,,,,,
SLC66A1,CTNS,0.837,,,,,,,,
CTNS,TRPV1,0.727,,,,,,,,
PKD2,INVS,0.703,,,,,,,,
PKD2,NPHP1,0.721,,,,,,,,
PKD2,NEK8,0.748,,,,,,,,
PKD2,PKD1,0.999,,,,,,,,
PKD1,NEK8,0.761,,,,,,,,
PKD1,NPHP1,0.886,,,,,,,,
INVS,ANKS6,0.87,,,,,,,,
INVS,NEK8,0.952,,,,,,,,
SRI,NEK8,0.727,,,,,,,,
PIK3C2A,NEK8,0.796,,,,,,,,
NEK8,NPHP1,0.706,,,,,,,,
NEK8,NPHP4,0.782,,,,,,,,
NEK8,ANKS3,0.913,,,,,,,,
NEK8,NPHP3,0.991,,,,,,,,
NEK8,ANKS6,0.993,,,,,,,,
ANKS6,NPHP1,0.704,,,,,,,,
ANKS6,NPHP3,0.974,,,,,,,,
ANKS6,ANKS3,0.994,,,,,,,,
ANKS3,NPHP3,0.722,,,,,,,,
ANKS3,NPHP1,0.746,,,,,,,,
AQP2,CLCNKA,0.813,,,,,,,,
AQP2,AQP11,0.867,,,,,,,,
AQP2,AQP12A,0.87,,,,,,,,
AQP2,SLC12A1,0.905,,,,,,,,
AQP2,AVP,0.915,,,,,,,,
AQP2,UMOD,0.923,,,,,,,,
AQP2,PRKACB,0.959,,,,,,,,
AQP2,PRKACA,0.96,,,,,,,,
AQP2,PRKACG,0.96,,,,,,,,
AQP2,AVPR2,0.982,,,,,,,,
PRKACA,PRKACG,0.965,,,,,,,,
PRKACA,PRKACB,0.987,,,,,,,,
CLCNKA,SLC12A1,0.907,,,,,,,,
PRKACB,PRKACG,0.968,,,,,,,,
AVP,AVPR2,0.999,,,,,,,,
UMOD,SLC12A1,0.803,,,,,,,,
SLC12A1,AVPR2,0.743,,,,,,,,
BBS9,LZTFL1,0.986,,,,,,,,
BBS9,BBS1,0.999,,,,,,,,
BBS9,BBS5,0.999,,,,,,,,
BBS9,TTC8,0.999,,,,,,,,
BBS9,BBIP1,0.999,,,,,,,,
BBS9,BBS4,0.999,,,,,,,,
BBS9,BBS7,0.999,,,,,,,,
BBS9,BBS2,0.999,,,,,,,,
BBS2,LZTFL1,0.984,,,,,,,,
BBS2,BBS4,0.999,,,,,,,,
BBS2,BBIP1,0.999,,,,,,,,
BBS2,BBS5,0.999,,,,,,,,
BBS2,BBS1,0.999,,,,,,,,
BBS2,BBS7,0.999,,,,,,,,
BBS2,TTC8,0.999,,,,,,,,
BBS7,LZTFL1,0.982,,,,,,,,
BBS7,BBS1,0.999,,,,,,,,
BBS7,TTC8,0.999,,,,,,,,
BBS7,BBS5,0.999,,,,,,,,
BBS7,BBIP1,0.999,,,,,,,,
BBS7,BBS4,0.999,,,,,,,,
BBS4,LZTFL1,0.976,,,,,,,,
BBS4,TTC8,0.999,,,,,,,,
BBS4,BBIP1,0.999,,,,,,,,
BBS4,BBS1,0.999,,,,,,,,
BBS4,BBS5,0.999,,,,,,,,
BBS5,LZTFL1,0.975,,,,,,,,
BBS5,TTC8,0.999,,,,,,,,
BBS5,BBS1,0.999,,,,,,,,
BBS5,BBIP1,0.999,,,,,,,,
LZTFL1,BBIP1,0.821,,,,,,,,
LZTFL1,FYCO1,0.836,,,,,,,,
LZTFL1,SLC6A20,0.863,,,,,,,,
LZTFL1,TTC8,0.97,,,,,,,,
LZTFL1,BBS1,0.972,,,,,,,,
FYCO1,SLC6A20,0.784,,,,,,,,
BBS1,BBIP1,0.999,,,,,,,,
BBS1,TTC8,0.999,,,,,,,,
BBIP1,TTC8,0.997,,,,,,,,
WFS1,CISD2,0.946,,,,,,,,
CANX,CISD2,0.706,,,,,,,,
TIMM10B,TIMM9,0.997,,,,,,,,
TIMM10B,TIMM10,0.999,,,,,,,,
TIMM10,TIMM9,0.999,,,,,,,,
CISD2,BCL2,0.719,,,,,,,,
CISD2,BECN1,0.782,,,,,,,,
CISD2,CISD3,0.962,,,,,,,,
GIMAP5,BCL2,0.733,,,,,,,,
BECN1,BCL2,0.999,,,,,,,,
XBP1,WFS1,0.891,,,,,,,,
XBP1,ATF6B,0.904,,,,,,,,
XBP1,ATF6,0.998,,,,,,,,
WFS1,DIAPH1,0.73,,,,,,,,
WFS1,CDKAL1,0.737,,,,,,,,
WFS1,GJB2,0.745,,,,,,,,
WFS1,ABCC8,0.749,,,,,,,,
WFS1,OPA3,0.824,,,,,,,,
WFS1,ATP1B1,0.904,,,,,,,,
WFS1,ATF6B,0.934,,,,,,,,
WFS1,ATF6,0.963,,,,,,,,
ATF6,ATF6B,0.961,,,,,,,,
CACNA1C,CACNB2,0.999,,,,,,,,
GCK,HNF4A,0.739,,,,,,,,
GCK,HNF1B,0.759,,,,,,,,
GCK,HNF1A,0.901,,,,,,,,
GCK,NEUROD1,0.93,,,,,,,,
GCK,PDX1,0.965,,,,,,,,
NEUROD1,HNF1B,0.762,,,,,,,,
NEUROD1,PDX1,0.825,,,,,,,,
NEUROD1,HNF1A,0.856,,,,,,,,
PCBD1,HNF1B,0.892,,,,,,,,
PCBD1,HNF1A,0.995,,,,,,,,
ONECUT1,PTF1A,0.711,,,,,,,,
ONECUT1,HNF4A,0.867,,,,,,,,
ONECUT1,HNF1A,0.916,,,,,,,,
ONECUT1,PDX1,0.928,,,,,,,,
ONECUT1,HNF1B,0.956,,,,,,,,
HNF4A,PDX1,0.737,,,,,,,,
HNF4A,HNF1B,0.851,,,,,,,,
HNF4A,HNF1A,0.988,,,,,,,,
PKHD1,UMOD,0.851,,,,,,,,
PKHD1,HNF1B,0.852,,,,,,,,
PTF1A,HNF1A,0.801,,,,,,,,
PTF1A,PDX1,0.855,,,,,,,,
PTF1A,HNF1B,0.891,,,,,,,,
PDX1,HNF1B,0.803,,,,,,,,
PDX1,HNF1A,0.834,,,,,,,,
UMOD,HNF1B,0.805,,,,,,,,
HNF1A,HNF1B,0.961,,,,,,,,
AVPR1A,GNAS,0.747,,,,,,,,
AVPR1A,AVPR1B,0.94,,,,,,,,
AVPR1A,AVPR2,0.953,,,,,,,,
AVPR1A,AVP,0.999,,,,,,,,
GNG2,AVPR2,0.925,,,,,,,,
GNG2,GNAS,0.997,,,,,,,,
GNG2,GNB1,0.999,,,,,,,,
AVPR1B,GNAS,0.739,,,,,,,,
AVPR1B,AVPR2,0.939,,,,,,,,
AVPR1B,AVP,0.995,,,,,,,,
ARHGAP4,AVPR2,0.88,,,,,,,,
GNAS,AVPR2,0.995,,,,,,,,
GNAS,GNB1,0.999,,,,,,,,
GNB1,AVPR2,0.967,,,,,,,,
ARRB2,AVPR2,0.961,,,,,,,,
ARRB2,ARRB1,0.986,,,,,,,,
ARRB1,AVPR2,0.999,,,,,,,,
SLC1A2,KCNJ10,0.76,,,,,,,,
HEPACAM,KCNJ10,0.719,,,,,,,,
FOXI1,GJB2,0.743,,,,,,,,
FOXI1,KCNJ10,0.848,,,,,,,,
FOXI1,SLC26A4,0.946,,,,,,,,
KCNJ4,KCNJ10,0.756,,,,,,,,
CAV1,DAG1,0.712,,,,,,,,
CAV1,KCNJ10,0.872,,,,,,,,
DMD,KCNJ10,0.912,,,,,,,,
DMD,DAG1,0.999,,,,,,,,
GJB2,KCNJ10,0.738,,,,,,,,
GJB2,SLC26A4,0.961,,,,,,,,
DAG1,KCNJ10,0.744,,,,,,,,
KCNJ16,KCNJ10,0.998,,,,,,,,
SLC26A4,KCNJ10,0.929,,,,,,,,
SUPT16H,WDR61,0.729,,,,,,,,
SUPT16H,SUPT4H1,0.991,,,,,,,,
SUPT16H,PAF1,0.994,,,,,,,,
SUPT16H,POLR2A,0.994,,,,,,,,
SUPT16H,CDC73,0.995,,,,,,,,
SUPT16H,LEO1,0.997,,,,,,,,
SUPT16H,CTR9,0.997,,,,,,,,
SUPT16H,RTF1,0.997,,,,,,,,
SUPT16H,SUPT6H,0.997,,,,,,,,
SUPT16H,SUPT5H,0.998,,,,,,,,
PAF1,SUPT6H,0.978,,,,,,,,
PAF1,SUPT4H1,0.994,,,,,,,,
PAF1,POLR2A,0.996,,,,,,,,
PAF1,WDR61,0.998,,,,,,,,
PAF1,CDC73,0.999,,,,,,,,
PAF1,SUPT5H,0.999,,,,,,,,
PAF1,CTR9,0.999,,,,,,,,
PAF1,RTF1,0.999,,,,,,,,
PAF1,LEO1,0.999,,,,,,,,
SUPT4H1,WDR61,0.986,,,,,,,,
SUPT4H1,CTR9,0.996,,,,,,,,
SUPT4H1,CDC73,0.996,,,,,,,,
SUPT4H1,LEO1,0.997,,,,,,,,
SUPT4H1,RTF1,0.998,,,,,,,,
SUPT4H1,SUPT6H,0.999,,,,,,,,
SUPT4H1,SUPT5H,0.999,,,,,,,,
SUPT4H1,POLR2A,0.999,,,,,,,,
LEO1,SUPT6H,0.983,,,,,,,,
LEO1,POLR2A,0.987,,,,,,,,
LEO1,RTF1,0.999,,,,,,,,
LEO1,CTR9,0.999,,,,,,,,
LEO1,SUPT5H,0.999,,,,,,,,
LEO1,CDC73,0.999,,,,,,,,
LEO1,WDR61,0.999,,,,,,,,
SUPT6H,WDR61,0.93,,,,,,,,
SUPT6H,CDC73,0.985,,,,,,,,
SUPT6H,RTF1,0.989,,,,,,,,
SUPT6H,CTR9,0.994,,,,,,,,
SUPT6H,POLR2A,0.999,,,,,,,,
SUPT6H,SUPT5H,0.999,,,,,,,,
CTR9,POLR2A,0.998,,,,,,,,
CTR9,WDR61,0.999,,,,,,,,
CTR9,SUPT5H,0.999,,,,,,,,
CTR9,CDC73,0.999,,,,,,,,
CTR9,RTF1,0.999,,,,,,,,
CDC73,RTF1,0.999,,,,,,,,
CDC73,SUPT5H,0.999,,,,,,,,
CDC73,WDR61,0.999,,,,,,,,
CDC73,POLR2A,0.999,,,,,,,,
RTF1,POLR2A,0.993,,,,,,,,
RTF1,WDR61,0.999,,,,,,,,
RTF1,SUPT5H,0.999,,,,,,,,
WDR61,POLR2A,0.838,,,,,,,,
WDR61,SUPT5H,0.994,,,,,,,,
POLR2A,SUPT5H,0.999,,,,,,,,
INVS,AHI1,0.819,,,,,,,,
AHI1,NPHP3,0.707,,,,,,,,
AHI1,NPHP4,0.86,,,,,,,,
AHI1,RPGRIP1L,0.941,,,,,,,,
AHI1,MKS1,0.965,,,,,,,,
AHI1,CEP290,0.988,,,,,,,,
AHI1,TMEM67,0.993,,,,,,,,
AHI1,NPHP1,0.993,,,,,,,,
AHI1,CC2D2A,0.996,,,,,,,,
NPHP1,CC2D2A,0.952,,,,,,,,
NPHP1,MKS1,0.962,,,,,,,,
NPHP3,CC2D2A,0.719,,,,,,,,
NPHP4,CC2D2A,0.86,,,,,,,,
NPHP4,MKS1,0.907,,,,,,,,
MKS1,RPGRIP1L,0.893,,,,,,,,
MKS1,CEP290,0.993,,,,,,,,
MKS1,CC2D2A,0.997,,,,,,,,
MKS1,TMEM67,0.997,,,,,,,,
TMEM67,CC2D2A,0.998,,,,,,,,
CC2D2A,RPGRIP1L,0.973,,,,,,,,
CC2D2A,CEP290,0.996,,,,,,,,
ACOT13,DCDC2,0.922,,,,,,,,
ACOT13,TDP2,0.935,,,,,,,,
ACOT13,KIAA0319,0.945,,,,,,,,
KAAG1,DCDC2,0.917,,,,,,,,
GCFC2,DCDC2,0.766,,,,,,,,
GCFC2,DNAAF4,0.773,,,,,,,,
GCFC2,KIAA0319,0.78,,,,,,,,
GCFC2,MRPL19,0.785,,,,,,,,
DNAAF4,MRPL19,0.73,,,,,,,,
DNAAF4,ATP2C2,0.753,,,,,,,,
DNAAF4,ROBO1,0.844,,,,,,,,
DNAAF4,KIAA0319,0.972,,,,,,,,
DNAAF4,DCDC2,0.978,,,,,,,,
TDP2,DCDC2,0.863,,,,,,,,
TDP2,KIAA0319,0.931,,,,,,,,
KIAA0319,ATP2C2,0.705,,,,,,,,
KIAA0319,MRPL19,0.727,,,,,,,,
KIAA0319,ROBO1,0.773,,,,,,,,
KIAA0319,DCDC2,0.986,,,,,,,,
DCDC2,MRPL19,0.704,,,,,,,,
DCDC2,ROBO1,0.741,,,,,,,,
DCDC2,ATP2C2,0.744,,,,,,,,
B9D2,NPHP1,0.885,,,,,,,,
B9D2,CEP290,0.97,,,,,,,,
B9D2,MKS1,0.974,,,,,,,,
B9D2,TCTN2,0.993,,,,,,,,
B9D2,TMEM216,0.993,,,,,,,,
B9D2,TMEM67,0.994,,,,,,,,
B9D2,TMEM231,0.996,,,,,,,,
B9D2,CC2D2A,0.997,,,,,,,,
B9D2,TCTN1,0.997,,,,,,,,
B9D2,B9D1,0.999,,,,,,,,
TMEM231,NPHP1,0.89,,,,,,,,
TMEM231,CEP290,0.978,,,,,,,,
TMEM231,MKS1,0.982,,,,,,,,
TMEM231,TMEM216,0.987,,,,,,,,
TMEM231,TCTN2,0.991,,,,,,,,
TMEM231,TMEM67,0.993,,,,,,,,
TMEM231,CC2D2A,0.994,,,,,,,,
TMEM231,TCTN1,0.995,,,,,,,,
TMEM231,B9D1,0.998,,,,,,,,
B9D1,NPHP1,0.929,,,,,,,,
B9D1,CEP290,0.987,,,,,,,,
B9D1,MKS1,0.993,,,,,,,,
B9D1,TMEM216,0.995,,,,,,,,
B9D1,TMEM67,0.997,,,,,,,,
B9D1,TCTN2,0.997,,,,,,,,
B9D1,CC2D2A,0.998,,,,,,,,
B9D1,TCTN1,0.999,,,,,,,,
TCTN2,NPHP1,0.743,,,,,,,,
TCTN2,CEP290,0.979,,,,,,,,
TCTN2,TMEM216,0.98,,,,,,,,
TCTN2,MKS1,0.988,,,,,,,,
TCTN2,TMEM67,0.995,,,,,,,,
TCTN2,CC2D2A,0.996,,,,,,,,
TCTN2,TCTN1,0.997,,,,,,,,
NPHP1,TCTN1,0.837,,,,,,,,
NPHP1,TMEM216,0.94,,,,,,,,
TMEM216,MKS1,0.987,,,,,,,,
TMEM216,CEP290,0.99,,,,,,,,
TMEM216,TCTN1,0.995,,,,,,,,
TMEM216,CC2D2A,0.997,,,,,,,,
TMEM216,TMEM67,0.998,,,,,,,,
MKS1,TCTN1,0.997,,,,,,,,
TCTN1,CEP290,0.984,,,,,,,,
TCTN1,TMEM67,0.994,,,,,,,,
TCTN1,CC2D2A,0.998,,,,,,,,
CLDN16,CLDN1,0.831,,,,,,,,
CLDN16,CLDN17,0.857,,,,,,,,
CLDN16,CLDN23,0.864,,,,,,,,
CLDN16,CLDN3,0.87,,,,,,,,
CLDN16,CLDN5,0.873,,,,,,,,
CLDN16,OCLN,0.894,,,,,,,,
CLDN16,SLC12A3,0.9,,,,,,,,
CLDN16,FXYD2,0.923,,,,,,,,
CLDN16,TJP1,0.955,,,,,,,,
CLDN16,CLDN19,0.995,,,,,,,,
CLDN17,CLDN23,0.715,,,,,,,,
CLDN17,TJP1,0.752,,,,,,,,
CLDN17,OCLN,0.766,,,,,,,,
FXYD2,SLC12A3,0.836,,,,,,,,
FXYD2,CLDN19,0.853,,,,,,,,
CLDN1,CLDN23,0.747,,,,,,,,
CLDN1,CLDN3,0.85,,,,,,,,
CLDN1,CLDN5,0.872,,,,,,,,
CLDN1,TJP1,0.999,,,,,,,,
CLDN1,OCLN,0.999,,,,,,,,
CLDN19,CLDN23,0.755,,,,,,,,
CLDN19,CLDN3,0.86,,,,,,,,
CLDN19,OCLN,0.863,,,,,,,,
CLDN19,TJP1,0.954,,,,,,,,
OCLN,CLDN23,0.783,,,,,,,,
OCLN,CLDN3,0.998,,,,,,,,
OCLN,CLDN5,0.999,,,,,,,,
OCLN,TJP1,0.999,,,,,,,,
TJP1,CLDN23,0.748,,,,,,,,
TJP1,CLDN3,0.994,,,,,,,,
TJP1,CLDN5,0.999,,,,,,,,
CLDN3,CLDN23,0.728,,,,,,,,
CLDN3,CLDN5,0.958,,,,,,,,
CLDN5,CLDN23,0.792,,,,,,,,
SPI1,BATF,0.726,,,,,,,,
SPI1,STAT6,0.735,,,,,,,,
SPI1,PAX5,0.817,,,,,,,,
SPI1,BCL6,0.863,,,,,,,,
SPI1,IRF4,0.998,,,,,,,,
STAT3,MYD88,0.838,,,,,,,,
STAT3,BATF,0.882,,,,,,,,
STAT3,TRAF6,0.887,,,,,,,,
STAT3,STAT6,0.899,,,,,,,,
STAT3,BCL6,0.903,,,,,,,,
STAT3,PRDM1,0.942,,,,,,,,
STAT3,IRF4,0.973,,,,,,,,
BATF,STAT6,0.741,,,,,,,,
BATF,PRDM1,0.804,,,,,,,,
BATF,BCL6,0.85,,,,,,,,
BATF,IRF4,0.995,,,,,,,,
STAT6,BCL6,0.87,,,,,,,,
STAT6,IRF4,0.975,,,,,,,,
PAX5,SPIB,0.8,,,,,,,,
PAX5,PRDM1,0.907,,,,,,,,
PAX5,BCL6,0.931,,,,,,,,
PAX5,IRF4,0.95,,,,,,,,
PRDM1,IRF4,0.938,,,,,,,,
IRF4,TRAF6,0.903,,,,,,,,
IRF4,SPIB,0.933,,,,,,,,
IRF4,BCL6,0.942,,,,,,,,
IRF4,MYD88,0.983,,,,,,,,
TRAF6,MYD88,0.999,,,,,,,,
DZIP1L,CBY1,0.77,,,,,,,,
GANAB,DNAJB11,0.85,,,,,,,,
FAM92A,CBY1,0.949,,,,,,,,
TRAM2,PKHD1,0.741,,,,,,,,
PKD2,IFT88,0.823,,,,,,,,
PKD2,PKHD1,0.983,,,,,,,,
PKD1,IFT88,0.816,,,,,,,,
PKD1,PKHD1,0.969,,,,,,,,
CAMLG,PKHD1,0.796,,,,,,,,
NPHP1,IFT88,0.722,,,,,,,,
NPHP1,PKHD1,0.742,,,,,,,,
IFT88,CYS1,0.752,,,,,,,,
IFT88,PKHD1,0.796,,,,,,,,
NPHP3,PKHD1,0.747,,,,,,,,
PKHD1,CYS1,0.823,,,,,,,,
CLDN11,CLDN8,0.707,,,,,,,,
CLDN11,CLDN16,0.718,,,,,,,,
CLDN11,CLDN9,0.724,,,,,,,,
CLDN11,CLDN10,0.763,,,,,,,,
CLDN11,CLDN12,0.769,,,,,,,,
CLDN11,CLDN23,0.843,,,,,,,,
CLDN11,TJP3,0.872,,,,,,,,
CLDN11,OCLN,0.958,,,,,,,,
CLDN11,TJP1,0.981,,,,,,,,
CLDN16,CLDN12,0.764,,,,,,,,
CLDN16,CLDN18,0.781,,,,,,,,
CLDN16,CLDN9,0.788,,,,,,,,
CLDN16,CLDN8,0.8,,,,,,,,
CLDN16,TJP3,0.806,,,,,,,,
CLDN16,CLDN10,0.814,,,,,,,,
CLDN12,CLDN23,0.701,,,,,,,,
CLDN12,CLDN18,0.729,,,,,,,,
CLDN12,TJP3,0.735,,,,,,,,
CLDN12,CLDN10,0.77,,,,,,,,
CLDN12,CLDN9,0.804,,,,,,,,
CLDN12,OCLN,0.811,,,,,,,,
CLDN12,TJP1,0.906,,,,,,,,
CLDN12,CLDN8,0.955,,,,,,,,
CLDN10,CLDN18,0.771,,,,,,,,
CLDN10,CLDN9,0.772,,,,,,,,
CLDN10,TJP3,0.799,,,,,,,,
CLDN10,CLDN8,0.811,,,,,,,,
CLDN10,CLDN23,0.814,,,,,,,,
CLDN10,TJP1,0.815,,,,,,,,
CLDN10,OCLN,0.825,,,,,,,,
CLDN18,CLDN23,0.751,,,,,,,,
CLDN18,TJP3,0.773,,,,,,,,
CLDN18,CLDN8,0.799,,,,,,,,
CLDN18,TJP1,0.824,,,,,,,,
CLDN18,OCLN,0.832,,,,,,,,
OCLN,CLDN9,0.872,,,,,,,,
OCLN,CLDN8,0.969,,,,,,,,
OCLN,TJP3,0.998,,,,,,,,
TJP1,CLDN9,0.887,,,,,,,,
TJP1,TJP3,0.988,,,,,,,,
TJP1,CLDN8,0.993,,,,,,,,
CLDN8,CLDN9,0.786,,,,,,,,
CLDN8,CLDN23,0.81,,,,,,,,
CLDN8,TJP3,0.97,,,,,,,,
CLDN9,CLDN23,0.72,,,,,,,,
CLDN9,TJP3,0.823,,,,,,,,
CLDN23,TJP3,0.78,,,,,,,,
FGF4,FGF23,0.77,,,,,,,,
FGF4,KL,0.991,,,,,,,,
FGF4,FGFR4,0.997,,,,,,,,
FGF4,FGFR1,0.999,,,,,,,,
FGF20,FGF23,0.768,,,,,,,,
FGF20,KL,0.991,,,,,,,,
FGF20,FGFR4,0.993,,,,,,,,
FGF20,FGFR1,0.999,,,,,,,,
FGF22,FGF23,0.912,,,,,,,,
FGF22,KL,0.991,,,,,,,,
FGF22,FGFR4,0.992,,,,,,,,
FGF22,FGFR1,0.999,,,,,,,,
FGF6,FGF23,0.77,,,,,,,,
FGF6,KL,0.991,,,,,,,,
FGF6,FGFR4,0.997,,,,,,,,
FGF6,FGFR1,0.999,,,,,,,,
FGF23,FGF10,0.731,,,,,,,,
FGF23,FGF18,0.904,,,,,,,,
FGF23,FGF8,0.935,,,,,,,,
FGF23,FGFR4,0.995,,,,,,,,
FGF23,KL,0.999,,,,,,,,
FGF23,FGFR1,0.999,,,,,,,,
FGF10,KL,0.991,,,,,,,,
FGF10,FGFR4,0.995,,,,,,,,
FGF10,FGFR1,0.999,,,,,,,,
FGF18,KL,0.992,,,,,,,,
FGF18,FGFR4,0.996,,,,,,,,
FGF18,FGFR1,0.999,,,,,,,,
FGFR4,FGFR1,0.967,,,,,,,,
FGFR4,KL,0.992,,,,,,,,
FGFR4,FGF8,0.997,,,,,,,,
FGF8,KL,0.993,,,,,,,,
FGF8,FGFR1,0.999,,,,,,,,
KL,FGFR1,0.999,,,,,,,,
DHX33,NLRC4,0.783,,,,,,,,
DHX33,NLRP1,0.919,,,,,,,,
DHX33,PYCARD,0.92,,,,,,,,
DHX33,AIM2,0.929,,,,,,,,
DHX33,CASP1,0.934,,,,,,,,
DHX33,NLRP6,0.941,,,,,,,,
DHX33,MAVS,0.992,,,,,,,,
DHX33,NLRP3,0.998,,,,,,,,
PYCARD,MAVS,0.732,,,,,,,,
PYCARD,NEK7,0.799,,,,,,,,
PYCARD,NLRP6,0.994,,,,,,,,
PYCARD,NLRP1,0.999,,,,,,,,
PYCARD,CASP1,0.999,,,,,,,,
PYCARD,NLRP3,0.999,,,,,,,,
PYCARD,AIM2,0.999,,,,,,,,
PYCARD,NLRC4,0.999,,,,,,,,
NLRP6,MAVS,0.868,,,,,,,,
NLRP6,NLRP3,0.998,,,,,,,,
NLRP6,NLRP1,0.998,,,,,,,,
NLRP6,NLRC4,0.999,,,,,,,,
NLRP6,AIM2,0.999,,,,,,,,
NLRP6,CASP1,0.999,,,,,,,,
NLRP3,NLRP1,0.998,,,,,,,,
NLRP3,CASP1,0.999,,,,,,,,
NLRP3,TXNIP,0.999,,,,,,,,
NLRP3,MAVS,0.999,,,,,,,,
NLRP3,NEK7,0.999,,,,,,,,
NLRP3,AIM2,0.999,,,,,,,,
NLRP3,NLRC4,0.999,,,,,,,,
NEK7,CASP1,0.939,,,,,,,,
AIM2,MAVS,0.714,,,,,,,,
AIM2,NLRC4,0.999,,,,,,,,
AIM2,CASP1,0.999,,,,,,,,
AIM2,NLRP1,0.999,,,,,,,,
NLRC4,NLRP1,0.999,,,,,,,,
NLRC4,CASP1,0.999,,,,,,,,
CASP1,TXNIP,0.867,,,,,,,,
CASP1,NLRP1,0.999,,,,,,,,
ADH1A,ADH6,0.717,,,,,,,,
ADH1A,AVP,0.963,,,,,,,,
ADH1A,ADH1C,0.983,,,,,,,,
ADH1A,ADH1B,0.989,,,,,,,,
OXT,AVPR2,0.777,,,,,,,,
OXT,AVPR1B,0.896,,,,,,,,
OXT,AVP,0.959,,,,,,,,
OXT,AVPR1A,0.993,,,,,,,,
ADH1B,ADH6,0.709,,,,,,,,
ADH1B,AVP,0.969,,,,,,,,
ADH1B,ADH1C,0.986,,,,,,,,
AVP,ADH6,0.946,,,,,,,,
AVP,ADH4,0.947,,,,,,,,
AVP,ADH7,0.955,,,,,,,,
AVP,ADH1C,0.956,,,,,,,,
ADH6,ADH4,0.78,,,,,,,,
ADH7,ADH1C,0.72,,,,,,,,
GABBR2,KCNJ5,0.911,,,,,,,,
GABBR2,GNAI2,0.929,,,,,,,,
GABBR2,KCNJ9,0.946,,,,,,,,
GABBR2,KCNJ3,0.959,,,,,,,,
GABBR2,KCNJ6,0.962,,,,,,,,
GABBR2,GNAI1,0.992,,,,,,,,
GABBR2,GABBR1,0.999,,,,,,,,
KCNJ3,GNAI1,0.902,,,,,,,,
KCNJ3,GNAI2,0.903,,,,,,,,
KCNJ3,PRKACG,0.923,,,,,,,,
KCNJ3,PRKACA,0.924,,,,,,,,
KCNJ3,PRKACB,0.924,,,,,,,,
KCNJ3,GABBR1,0.953,,,,,,,,
KCNJ3,KCNJ9,0.99,,,,,,,,
KCNJ3,KCNJ5,0.997,,,,,,,,
KCNJ3,KCNJ6,0.998,,,,,,,,
PRKACA,GNAI1,0.739,,,,,,,,
PRKACA,GNAI2,0.744,,,,,,,,
PRKACA,KCNJ9,0.909,,,,,,,,
PRKACA,KCNJ6,0.916,,,,,,,,
PRKACA,KCNJ5,0.932,,,,,,,,
GNAI2,PRKACG,0.729,,,,,,,,
GNAI2,PRKACB,0.738,,,,,,,,
GNAI2,KCNJ6,0.903,,,,,,,,
GNAI2,GABBR1,0.904,,,,,,,,
GNAI2,KCNJ5,0.907,,,,,,,,
GNAI2,KCNJ9,0.92,,,,,,,,
GNAI2,GNAI1,0.975,,,,,,,,
KCNJ9,PRKACG,0.909,,,,,,,,
KCNJ9,PRKACB,0.913,,,,,,,,
KCNJ9,KCNJ5,0.917,,,,,,,,
KCNJ9,GNAI1,0.918,,,,,,,,
KCNJ9,GABBR1,0.94,,,,,,,,
KCNJ9,KCNJ6,0.994,,,,,,,,
PRKACB,GNAI1,0.757,,,,,,,,
PRKACB,KCNJ6,0.917,,,,,,,,
PRKACB,KCNJ5,0.929,,,,,,,,
GABBR1,KCNJ5,0.91,,,,,,,,
GABBR1,KCNJ6,0.96,,,,,,,,
GABBR1,GNAI1,0.98,,,,,,,,
PRKACG,GNAI1,0.743,,,,,,,,
PRKACG,KCNJ6,0.916,,,,,,,,
PRKACG,KCNJ5,0.925,,,,,,,,
KCNJ5,GNAI1,0.904,,,,,,,,
KCNJ5,KCNJ6,0.924,,,,,,,,
KCNJ6,GNAI1,0.903,,,,,,,,
ISL1,INS,0.743,,,,,,,,
ISL1,NEUROD1,0.83,,,,,,,,
ISL1,PAX4,0.836,,,,,,,,
ISL1,NKX2-2,0.881,,,,,,,,
ISL1,NEUROG3,0.896,,,,,,,,
NEUROG3,HNF1A,0.732,,,,,,,,
NEUROG3,SLC2A2,0.854,,,,,,,,
NEUROG3,INS,0.86,,,,,,,,
NEUROG3,NEUROD1,0.882,,,,,,,,
NEUROG3,GCG,0.885,,,,,,,,
NEUROG3,NKX2-2,0.953,,,,,,,,
NEUROG3,PAX4,0.98,,,,,,,,
NEUROD1,ABCC8,0.704,,,,,,,,
NEUROD1,KLF11,0.776,,,,,,,,
NEUROD1,GCG,0.797,,,,,,,,
NEUROD1,NKX2-2,0.81,,,,,,,,
NEUROD1,SLC2A2,0.866,,,,,,,,
NEUROD1,INS,0.878,,,,,,,,
NEUROD1,PAX4,0.945,,,,,,,,
KLF11,HNF1A,0.74,,,,,,,,
KLF11,PAX4,0.809,,,,,,,,
SLC2A2,NKX2-2,0.755,,,,,,,,
SLC2A2,PAX4,0.803,,,,,,,,
SLC2A2,ABCC8,0.809,,,,,,,,
SLC2A2,GCG,0.876,,,,,,,,
SLC2A2,INS,0.942,,,,,,,,
SLC2A2,HNF1A,0.954,,,,,,,,
NKX2-2,GCG,0.744,,,,,,,,
NKX2-2,PAX4,0.889,,,,,,,,
NKX2-2,INS,0.901,,,,,,,,
PAX4,ABCC8,0.766,,,,,,,,
PAX4,GCG,0.816,,,,,,,,
PAX4,HNF1A,0.891,,,,,,,,
PAX4,INS,0.918,,,,,,,,
INS,HNF1A,0.871,,,,,,,,
INS,ABCC8,0.909,,,,,,,,
INS,GCG,0.998,,,,,,,,
GCG,ABCC8,0.822,,,,,,,,
HNF1A,ABCC8,0.835,,,,,,,,
GRB14,INSR,0.996,,,,,,,,
INSR,IGF2,0.991,,,,,,,,
INSR,SHC1,0.994,,,,,,,,
INSR,SH2B2,0.995,,,,,,,,
INSR,IGF1R,0.997,,,,,,,,
INSR,IRS1,0.999,,,,,,,,
INSR,IRS2,0.999,,,,,,,,
INSR,PTPN1,0.999,,,,,,,,
INSR,INS,0.999,,,,,,,,
INSR,IGF1,0.999,,,,,,,,
IRS1,SH2B2,0.863,,,,,,,,
IRS1,IGF2,0.928,,,,,,,,
IRS1,SHC1,0.991,,,,,,,,
IRS1,PTPN1,0.995,,,,,,,,
IRS1,IRS2,0.997,,,,,,,,
IRS1,IGF1,0.998,,,,,,,,
IRS1,INS,0.999,,,,,,,,
IRS1,IGF1R,0.999,,,,,,,,
PTPN1,INS,0.835,,,,,,,,
PTPN1,IRS2,0.959,,,,,,,,
PTPN1,IGF1R,0.993,,,,,,,,
IRS2,SHC1,0.778,,,,,,,,
IRS2,IGF2,0.781,,,,,,,,
IRS2,IGF1,0.984,,,,,,,,
IRS2,INS,0.998,,,,,,,,
IRS2,IGF1R,0.998,,,,,,,,
IGF1,SHC1,0.89,,,,,,,,
IGF1,IGF2,0.998,,,,,,,,
IGF1,IGF1R,0.999,,,,,,,,
IGF1,INS,0.999,,,,,,,,
INS,SHC1,0.793,,,,,,,,
INS,IGF2,0.981,,,,,,,,
INS,IGF1R,0.999,,,,,,,,
IGF2,SHC1,0.711,,,,,,,,
IGF2,IGF1R,0.999,,,,,,,,
SHC1,IGF1R,0.999,,,,,,,,
CYP11B1,AKR1C3,0.947,,,,,,,,
CYP11B1,CYP19A1,0.949,,,,,,,,
CYP11B1,SRD5A2,0.951,,,,,,,,
CYP11B1,CYP17A1,0.964,,,,,,,,
CYP11B1,HSD11B1,0.967,,,,,,,,
CYP11B1,HSD17B3,0.97,,,,,,,,
CYP11B1,CYP21A2,0.973,,,,,,,,
CYP11B1,HSD3B1,0.984,,,,,,,,
CYP11B1,HSD11B2,0.991,,,,,,,,
CYP11B1,HSD3B2,0.992,,,,,,,,
HSD11B2,CYP17A1,0.867,,,,,,,,
HSD11B2,HSD3B2,0.949,,,,,,,,
HSD11B2,HSD3B1,0.959,,,,,,,,
HSD11B2,HSD11B1,0.96,,,,,,,,
HSD11B2,CYP21A2,0.985,,,,,,,,
HSD11B1,CYP17A1,0.757,,,,,,,,
HSD11B1,HSD3B2,0.952,,,,,,,,
HSD11B1,CYP21A2,0.956,,,,,,,,
HSD11B1,HSD3B1,0.962,,,,,,,,
HSD3B1,SRD5A2,0.963,,,,,,,,
HSD3B1,HSD3B2,0.965,,,,,,,,
HSD3B1,AKR1C3,0.971,,,,,,,,
HSD3B1,CYP21A2,0.979,,,,,,,,
HSD3B1,HSD17B3,0.983,,,,,,,,
HSD3B1,CYP19A1,0.988,,,,,,,,
HSD3B1,CYP17A1,0.995,,,,,,,,
CYP17A1,CYP21A2,0.951,,,,,,,,
CYP17A1,CYP19A1,0.971,,,,,,,,
CYP17A1,AKR1C3,0.979,,,,,,,,
CYP17A1,SRD5A2,0.986,,,,,,,,
CYP17A1,HSD17B3,0.991,,,,,,,,
CYP17A1,HSD3B2,0.994,,,,,,,,
HSD17B3,CYP19A1,0.972,,,,,,,,
HSD17B3,SRD5A2,0.979,,,,,,,,
HSD17B3,AKR1C3,0.986,,,,,,,,
HSD17B3,HSD3B2,0.987,,,,,,,,
AKR1C3,CYP19A1,0.956,,,,,,,,
AKR1C3,SRD5A2,0.969,,,,,,,,
AKR1C3,HSD3B2,0.981,,,,,,,,
CYP19A1,SRD5A2,0.961,,,,,,,,
CYP19A1,HSD3B2,0.979,,,,,,,,
HSD3B2,SRD5A2,0.971,,,,,,,,
HSD3B2,CYP21A2,0.985,,,,,,,,
SRD5A2,CYP21A2,0.956,,,,,,,,
SRD5A1,HSD11B2,0.806,,,,,,,,
SRD5A1,HSD11B1,0.828,,,,,,,,
SRD5A1,SRD5A2,0.935,,,,,,,,
SRD5A1,CYP11B2,0.936,,,,,,,,
SRD5A1,CYP21A2,0.957,,,,,,,,
SRD5A1,HSD3B1,0.971,,,,,,,,
SRD5A1,CYP19A1,0.972,,,,,,,,
SRD5A1,HSD17B3,0.978,,,,,,,,
SRD5A1,HSD3B2,0.98,,,,,,,,
SRD5A1,CYP17A1,0.992,,,,,,,,
HSD11B2,CYP11B2,0.989,,,,,,,,
CYP11B2,SRD5A2,0.938,,,,,,,,
CYP11B2,CYP19A1,0.947,,,,,,,,
CYP11B2,HSD11B1,0.959,,,,,,,,
CYP11B2,HSD17B3,0.961,,,,,,,,
CYP11B2,CYP17A1,0.963,,,,,,,,
CYP11B2,CYP21A2,0.975,,,,,,,,
CYP11B2,HSD3B1,0.979,,,,,,,,
CYP11B2,HSD3B2,0.984,,,,,,,,
AKR1D1,H6PD,0.731,,,,,,,,
AKR1D1,CYP21A2,0.919,,,,,,,,
AKR1D1,CYP11B2,0.924,,,,,,,,
AKR1D1,HSD11B1L,0.927,,,,,,,,
AKR1D1,HSD3B1,0.941,,,,,,,,
AKR1D1,HSD3B2,0.943,,,,,,,,
AKR1D1,CYP11B1,0.946,,,,,,,,
AKR1D1,HSD11B2,0.975,,,,,,,,
AKR1D1,HSD11B1,0.977,,,,,,,,
CYP11B1,CYP11B2,0.912,,,,,,,,
CYP11B1,HSD11B1L,0.925,,,,,,,,
HSD11B2,H6PD,0.886,,,,,,,,
HSD11B2,NR3C2,0.923,,,,,,,,
HSD11B2,HSD11B1L,0.927,,,,,,,,
CYP11B2,NR3C2,0.795,,,,,,,,
CYP11B2,HSD11B1L,0.93,,,,,,,,
NR3C2,HSD11B1,0.805,,,,,,,,
HSD11B1,HSD11B1L,0.909,,,,,,,,
HSD11B1,H6PD,0.931,,,,,,,,
HSD3B1,HSD11B1L,0.911,,,,,,,,
HSD3B2,HSD11B1L,0.926,,,,,,,,
HSD11B1L,CYP21A2,0.92,,,,,,,,
CLCNKA,KCNJ1,0.84,,,,,,,,
CLCNKA,SLC12A3,0.878,,,,,,,,
CLCNKA,BSND,0.999,,,,,,,,
CLCN1,BSND,0.726,,,,,,,,
CLCNKB,CASR,0.702,,,,,,,,
CLCNKB,KCNJ1,0.942,,,,,,,,
CLCNKB,SLC12A1,0.951,,,,,,,,
CLCNKB,SLC12A3,0.967,,,,,,,,
CLCNKB,BSND,0.999,,,,,,,,
CLCN5,KCNJ1,0.716,,,,,,,,
CLCN5,BSND,0.807,,,,,,,,
KCNJ1,CASR,0.884,,,,,,,,
KCNJ1,BSND,0.92,,,,,,,,
KCNJ1,SLC12A3,0.965,,,,,,,,
KCNJ1,SLC12A1,0.988,,,,,,,,
SLC12A3,BSND,0.912,,,,,,,,
CASR,SLC12A1,0.768,,,,,,,,
SLC12A1,BSND,0.954,,,,,,,,
TNFRSF1A,JAK2,0.702,,,,,,,,
TNFRSF1A,JAK1,0.704,,,,,,,,
TNFRSF1A,IL2,0.74,,,,,,,,
TNFRSF1A,IL6R,0.916,,,,,,,,
TNFRSF1A,IL1R1,0.921,,,,,,,,
TNFRSF1A,IL10,0.968,,,,,,,,
TNFRSF1A,IL6,0.997,,,,,,,,
TNFRSF1A,IL1B,0.997,,,,,,,,
IL2,IL1R1,0.749,,,,,,,,
IL2,IL6ST,0.77,,,,,,,,
IL2,JAK2,0.896,,,,,,,,
IL2,IL6R,0.9,,,,,,,,
IL2,IL10,0.964,,,,,,,,
IL2,JAK1,0.989,,,,,,,,
IL2,IL3,0.998,,,,,,,,
IL2,IL6,0.999,,,,,,,,
IL2,IL1B,0.999,,,,,,,,
IL1B,JAK2,0.806,,,,,,,,
IL1B,IL6R,0.975,,,,,,,,
IL1B,IL3,0.977,,,,,,,,
IL1B,IL10,0.991,,,,,,,,
IL1B,IL6,0.996,,,,,,,,
IL1B,IL1R1,0.999,,,,,,,,
IL3,IL6R,0.778,,,,,,,,
IL3,IL10,0.781,,,,,,,,
IL3,IL6ST,0.808,,,,,,,,
IL3,JAK1,0.893,,,,,,,,
IL3,JAK2,0.978,,,,,,,,
IL3,IL6,0.998,,,,,,,,
IL6R,IL1R1,0.834,,,,,,,,
IL6R,IL10,0.923,,,,,,,,
IL6R,JAK2,0.963,,,,,,,,
IL6R,JAK1,0.986,,,,,,,,
IL6R,IL6ST,0.999,,,,,,,,
IL6R,IL6,0.999,,,,,,,,
IL6ST,IL10,0.81,,,,,,,,
IL6ST,JAK2,0.993,,,,,,,,
IL6ST,JAK1,0.998,,,,,,,,
IL6ST,IL6,0.999,,,,,,,,
JAK2,IL10,0.838,,,,,,,,
JAK2,IL6,0.995,,,,,,,,
JAK2,JAK1,0.999,,,,,,,,
IL6,JAK1,0.996,,,,,,,,
IL6,IL1R1,0.997,,,,,,,,
IL6,IL10,0.997,,,,,,,,
IL1R1,IL10,0.917,,,,,,,,
IL10,JAK1,0.976,,,,,,,,
CSK,LCK,0.912,,,,,,,,
CSK,PTPN22,0.999,,,,,,,,
C1QBP,PTPN22,0.943,,,,,,,,
ZAP70,CTLA4,0.77,,,,,,,,
ZAP70,PTPN22,0.91,,,,,,,,
ZAP70,CD8A,0.992,,,,,,,,
ZAP70,LCK,0.999,,,,,,,,
HLA-DQA1,CTLA4,0.715,,,,,,,,
HLA-DQA1,PTPN22,0.879,,,,,,,,
HLA-DQA1,HLA-DRB1,0.991,,,,,,,,
PTPN22,CTLA4,0.864,,,,,,,,
PTPN22,PADI4,0.867,,,,,,,,
PTPN22,CD8A,0.91,,,,,,,,
PTPN22,LCK,0.924,,,,,,,,
PTPN22,PSTPIP1,0.957,,,,,,,,
PTPN22,HLA-DRB1,0.968,,,,,,,,
HLA-DRB1,CTLA4,0.746,,,,,,,,
HLA-DRB1,CD8A,0.785,,,,,,,,
CD8A,CTLA4,0.94,,,,,,,,
CD8A,LCK,0.999,,,,,,,,
LCK,CTLA4,0.911,,,,,,,,
ANK1,TRPC1,0.768,,,,,,,,
ANK1,CALML3,0.866,,,,,,,,
ANK1,CALM3,0.888,,,,,,,,
ANK1,ANK2,0.906,,,,,,,,
ANK1,ITPR3,0.984,,,,,,,,
CALM3,TRPC1,0.764,,,,,,,,
CALM3,ANK2,0.859,,,,,,,,
CALM3,ITPR3,0.985,,,,,,,,
CALM3,CALML3,0.996,,,,,,,,
HSPA9,ITPR3,0.996,,,,,,,,
HSPA9,VDAC1,0.998,,,,,,,,
CALML3,TRPC1,0.763,,,,,,,,
CALML3,ANK2,0.841,,,,,,,,
CALML3,ITPR3,0.982,,,,,,,,
ANK2,TRPC1,0.773,,,,,,,,
ANK2,ITPR3,0.995,,,,,,,,
BECN1,ITPR3,0.987,,,,,,,,
ITPR3,MRVI1,0.986,,,,,,,,
ITPR3,TRPC1,0.992,,,,,,,,
ITPR3,BCL2,0.993,,,,,,,,
ITPR3,VDAC1,0.997,,,,,,,,
VDAC1,BCL2,0.998,,,,,,,,
GCK,SLC2A2,0.961,,,,,,,,
PCBD1,PCBD2,0.959,,,,,,,,
ONECUT1,FOXA2,0.963,,,,,,,,
FOXA3,HNF1A,0.93,,,,,,,,
HNF4A,FOXA2,0.862,,,,,,,,
FOXA2,HNF4G,0.777,,,,,,,,
FOXA2,HNF1A,0.899,,,,,,,,
PCBD2,HNF1A,0.944,,,,,,,,
HNF1A,HNF4G,0.943,,,,,,,,
CACNG1,CACNB2,0.897,,,,,,,,
CACNG1,CACNB3,0.9,,,,,,,,
CACNG1,CACNG4,0.986,,,,,,,,
CACNG1,CACNA1D,0.995,,,,,,,,
CACNG1,CACNB1,0.997,,,,,,,,
CACNG1,CACNA2D1,0.998,,,,,,,,
CACNG4,CACNB2,0.793,,,,,,,,
CACNG4,CACNB1,0.928,,,,,,,,
CACNG4,CACNB3,0.962,,,,,,,,
CACNG4,CACNA2D1,0.972,,,,,,,,
CACNG4,CACNA1D,0.986,,,,,,,,
CACNA1D,CALML6,0.985,,,,,,,,
CACNA1D,CACNB1,0.99,,,,,,,,
CACNA1D,CALML5,0.99,,,,,,,,
CACNA1D,CALML3,0.99,,,,,,,,
CACNA1D,CALM3,0.99,,,,,,,,
CACNA1D,CACNB3,0.997,,,,,,,,
CACNA1D,CACNB2,0.997,,,,,,,,
CACNA1D,CACNA2D1,0.999,,,,,,,,
CALM3,CALML5,0.996,,,,,,,,
CALM3,CALML6,0.996,,,,,,,,
CACNB3,CACNB1,0.937,,,,,,,,
CACNB3,CACNB2,0.961,,,,,,,,
CACNB3,CACNA2D1,0.995,,,,,,,,
CALML6,CALML3,0.962,,,,,,,,
CALML6,CALML5,0.963,,,,,,,,
CALML3,CALML5,0.967,,,,,,,,
CACNB2,CACNB1,0.942,,,,,,,,
CACNB2,CACNA2D1,0.995,,,,,,,,
CACNA2D1,CACNB1,0.999,,,,,,,,
TRPM6,CNNM2,0.784,,,,,,,,
TRPM6,SLC41A1,0.799,,,,,,,,
TRPM6,TRPM7,0.974,,,,,,,,
MAGT1,TRPM7,0.707,,,,,,,,
MAGT1,SLC41A1,0.763,,,,,,,,
PM20D1,SLC45A3,0.808,,,,,,,,
PM20D1,RAB29,0.922,,,,,,,,
PM20D1,SLC41A1,0.923,,,,,,,,
PM20D1,NUCKS1,0.927,,,,,,,,
SLC41A1,CNNM4,0.701,,,,,,,,
SLC41A1,MRS2,0.761,,,,,,,,
SLC41A1,TRPM7,0.78,,,,,,,,
SLC41A1,CNNM2,0.788,,,,,,,,
SLC41A1,SLC45A3,0.821,,,,,,,,
SLC41A1,RAB29,0.927,,,,,,,,
SLC41A1,NUCKS1,0.935,,,,,,,,
RAB29,SLC45A3,0.771,,,,,,,,
RAB29,NUCKS1,0.97,,,,,,,,
NUCKS1,SLC45A3,0.823,,,,,,,,
BBS9,BBS12,0.967,,,,,,,,
BBS9,BBS10,0.976,,,,,,,,
BBS2,BBS12,0.965,,,,,,,,
BBS2,BBS10,0.987,,,,,,,,
BBS7,BBS10,0.994,,,,,,,,
BBS7,BBS12,0.995,,,,,,,,
BBS4,BBS12,0.964,,,,,,,,
BBS4,BBS10,0.969,,,,,,,,
BBS5,BBS12,0.949,,,,,,,,
BBS5,BBS10,0.98,,,,,,,,
LZTFL1,BBS10,0.739,,,,,,,,
LZTFL1,BBS12,0.741,,,,,,,,
BBS1,BBS12,0.963,,,,,,,,
BBS1,BBS10,0.982,,,,,,,,
BBIP1,BBS12,0.83,,,,,,,,
BBIP1,BBS10,0.892,,,,,,,,
BBS12,TTC8,0.922,,,,,,,,
BBS12,BBS10,0.999,,,,,,,,
TTC8,BBS10,0.919,,,,,,,,
CFTR,KCNJ1,0.925,,,,,,,,
WNK4,SLC12A1,0.908,,,,,,,,
WNK4,SLC12A3,0.968,,,,,,,,
WNK4,KCNJ1,0.97,,,,,,,,
WNK1,WNK3,0.827,,,,,,,,
WNK1,SLC12A1,0.882,,,,,,,,
WNK1,KCNJ1,0.936,,,,,,,,
WNK1,SLC12A3,0.951,,,,,,,,
WNK3,KCNJ1,0.853,,,,,,,,
WNK3,SLC12A1,0.881,,,,,,,,
WNK3,SLC12A3,0.913,,,,,,,,
SGK1,KCNJ1,0.975,,,,,,,,
LRIG1,LRIG2,0.76,,,,,,,,
ZNF621,LRIG2,0.786,,,,,,,,
LRIG2,HPSE2,0.718,,,,,,,,
VWF,GP1BA,0.999,,,,,,,,
GPC1,HSPG2,0.894,,,,,,,,
GPC1,SDC2,0.989,,,,,,,,
GPC1,SDC1,0.996,,,,,,,,
SDC2,HSPG2,0.793,,,,,,,,
SDC2,SDC1,0.982,,,,,,,,
IDS,HPSE2,0.902,,,,,,,,
IDS,HPSE,0.903,,,,,,,,
HPSE2,HPSE,0.913,,,,,,,,
HPSE2,SDC1,0.944,,,,,,,,
HSPG2,SDC1,0.966,,,,,,,,
SDC1,HPSE,0.957,,,,,,,,
WNK4,OXSR1,0.886,,,,,,,,
OXSR1,KCNJ1,0.762,,,,,,,,
OXSR1,WNK3,0.776,,,,,,,,
OXSR1,SLC12A3,0.875,,,,,,,,
OXSR1,WNK1,0.901,,,,,,,,
WNK1,STK39,0.793,,,,,,,,
STK39,KCNJ1,0.845,,,,,,,,
STK39,SLC12A3,0.913,,,,,,,,
NEK9,INVS,0.929,,,,,,,,
NEK9,NPHP3,0.973,,,,,,,,
NEK9,ANKS6,0.979,,,,,,,,
NPHP3,UNC119B,0.975,,,,,,,,
FGF4,KLB,0.951,,,,,,,,
FGF20,KLB,0.905,,,,,,,,
FGF22,KLB,0.904,,,,,,,,
FGF6,KLB,0.903,,,,,,,,
FGF23,FGF7,0.765,,,,,,,,
FGF23,KLB,0.979,,,,,,,,
PLCG1,FGFR1,0.999,,,,,,,,
KLB,FGF10,0.903,,,,,,,,
KLB,FGF7,0.903,,,,,,,,
KLB,FGFR1,0.999,,,,,,,,
FGF2,FGF7,0.812,,,,,,,,
FGF2,FGFR1,0.999,,,,,,,,
FGF7,FGFR1,0.999,,,,,,,,
PROKR2,TAC3,0.726,,,,,,,,
PROKR2,NSMF,0.738,,,,,,,,
PROKR2,ADCY3,0.755,,,,,,,,
PROKR2,KISS1,0.813,,,,,,,,
PROKR2,FGFR1,0.817,,,,,,,,
PROKR2,CHD7,0.856,,,,,,,,
PROKR2,GNRH1,0.878,,,,,,,,
PROKR2,ANOS1,0.975,,,,,,,,
PROKR2,PROK1,0.997,,,,,,,,
PROKR2,PROK2,0.999,,,,,,,,
ANOS1,NSMF,0.711,,,,,,,,
ANOS1,CHD7,0.835,,,,,,,,
ANOS1,GNRH1,0.88,,,,,,,,
ANOS1,PROK2,0.945,,,,,,,,
ANOS1,FGFR1,0.998,,,,,,,,
PROK1,ADCY3,0.765,,,,,,,,
GNRH1,CHD7,0.709,,,,,,,,
GNRH1,FGFR1,0.728,,,,,,,,
GNRH1,NSMF,0.748,,,,,,,,
GNRH1,PROK2,0.897,,,,,,,,
GNRH1,TAC3,0.909,,,,,,,,
GNRH1,KISS1,0.967,,,,,,,,
PROK2,ADCY3,0.719,,,,,,,,
PROK2,FGFR1,0.788,,,,,,,,
PROK2,TAC3,0.815,,,,,,,,
PROK2,KISS1,0.859,,,,,,,,
PROK2,NSMF,0.867,,,,,,,,
PROK2,CHD7,0.87,,,,,,,,
KISS1,CHD7,0.732,,,,,,,,
KISS1,TAC3,0.971,,,,,,,,
NSMF,FGFR1,0.804,,,,,,,,
NSMF,CHD7,0.847,,,,,,,,
NSMF,TAC3,0.853,,,,,,,,
CHD7,FGFR1,0.719,,,,,,,,
CHD7,TAC3,0.779,,,,,,,,
SALL4,CTNNB1,0.741,,,,,,,,
SALL4,HDAC1,0.771,,,,,,,,
SALL4,LIN28A,0.905,,,,,,,,
SALL4,PRDM14,0.908,,,,,,,,
SALL4,SOX2,0.983,,,,,,,,
SALL4,POU5F1,0.998,,,,,,,,
SALL4,NANOG,0.999,,,,,,,,
NANOG,HDAC1,0.719,,,,,,,,
NANOG,PAX6,0.838,,,,,,,,
NANOG,CTNNB1,0.946,,,,,,,,
NANOG,PRDM14,0.979,,,,,,,,
NANOG,LIN28A,0.98,,,,,,,,
NANOG,KLF4,0.994,,,,,,,,
NANOG,POU5F1,0.999,,,,,,,,
NANOG,SOX2,0.999,,,,,,,,
POU5F1,PAX6,0.803,,,,,,,,
POU5F1,HDAC1,0.896,,,,,,,,
POU5F1,PRDM14,0.972,,,,,,,,
POU5F1,KLF4,0.994,,,,,,,,
POU5F1,LIN28A,0.994,,,,,,,,
POU5F1,CTNNB1,0.999,,,,,,,,
POU5F1,SOX2,0.999,,,,,,,,
PRDM14,KLF4,0.781,,,,,,,,
PRDM14,LIN28A,0.928,,,,,,,,
PRDM14,SOX2,0.965,,,,,,,,
SOX2,HDAC1,0.966,,,,,,,,
SOX2,POU2F1,0.973,,,,,,,,
SOX2,PAX6,0.977,,,,,,,,
SOX2,LIN28A,0.983,,,,,,,,
SOX2,CTNNB1,0.991,,,,,,,,
SOX2,KLF4,0.998,,,,,,,,
POU2F1,HDAC1,0.734,,,,,,,,
HDAC1,KLF4,0.735,,,,,,,,
HDAC1,CTNNB1,0.985,,,,,,,,
LIN28A,KLF4,0.971,,,,,,,,
KLF4,CTNNB1,0.991,,,,,,,,
LHX4,OTX2,0.705,,,,,,,,
LHX4,SOX3,0.736,,,,,,,,
LHX4,ESX1,0.842,,,,,,,,
LHX4,POU1F1,0.91,,,,,,,,
NEUROG2,OTX2,0.732,,,,,,,,
NEUROG2,SOX3,0.761,,,,,,,,
ATP11C,SOX3,0.798,,,,,,,,
POU1F1,ESX1,0.789,,,,,,,,
POU1F1,HESX1,0.95,,,,,,,,
SOX3,ESX1,0.735,,,,,,,,
SOX3,HESX1,0.77,,,,,,,,
SOX3,OTX2,0.796,,,,,,,,
SOX3,DMRT1,0.888,,,,,,,,
AHR,ENSP00000490530,0.904,,,,,,,,
AHR,ARNT2,0.94,,,,,,,,
AHR,ARNT,0.999,,,,,,,,
EPAS1,HIF3A,0.997,,,,,,,,
EPAS1,HIF1A,0.998,,,,,,,,
EPAS1,ARNT2,0.998,,,,,,,,
EPAS1,ARNT,0.999,,,,,,,,
SIM2,ARNT2,0.904,,,,,,,,
SIM2,ARNT,0.962,,,,,,,,
ARNT2,AHRR,0.844,,,,,,,,
ARNT2,ENSP00000490530,0.855,,,,,,,,
ARNT2,ARNT,0.968,,,,,,,,
ARNT2,HIF3A,0.977,,,,,,,,
ARNT2,SIM1,0.979,,,,,,,,
ARNT2,NPAS4,0.998,,,,,,,,
ARNT2,HIF1A,0.999,,,,,,,,
NPAS4,ARNT,0.992,,,,,,,,
AHRR,ARNT,0.894,,,,,,,,
ARNT,SIM1,0.93,,,,,,,,
ARNT,ENSP00000490530,0.984,,,,,,,,
ARNT,HIF3A,0.999,,,,,,,,
ARNT,HIF1A,0.999,,,,,,,,
HIF3A,HIF1A,0.994,,,,,,,,
PROKR2,HESX1,0.708,,,,,,,,
NCOR1,SOX2,0.702,,,,,,,,
NCOR1,HESX1,0.712,,,,,,,,
PRL,GHRHR,0.851,,,,,,,,
PRL,POU1F1,0.921,,,,,,,,
PRL,TRH,0.951,,,,,,,,
TRH,POU1F1,0.736,,,,,,,,
GHRHR,POU1F1,0.884,,,,,,,,
SOX2,HESX1,0.727,,,,,,,,
POU1F1,TBX19,0.759,,,,,,,,
TLE1,HESX1,0.725,,,,,,,,
RCVRN,OTX2,0.811,,,,,,,,
POU5F1,FGF8,0.735,,,,,,,,
POU5F1,SOX1,0.752,,,,,,,,
POU5F1,FOXA2,0.882,,,,,,,,
POU5F1,OTX2,0.912,,,,,,,,
SIX3,FOXA2,0.783,,,,,,,,
SIX3,OTX2,0.878,,,,,,,,
FGF8,PAX2,0.733,,,,,,,,
FGF8,OTX2,0.808,,,,,,,,
SOX2,SOX1,0.771,,,,,,,,
SOX2,FOXA2,0.841,,,,,,,,
SOX2,OTX2,0.914,,,,,,,,
SIX6,OTX2,0.894,,,,,,,,
SOX1,FOXA2,0.701,,,,,,,,
SOX1,OTX2,0.807,,,,,,,,
PAX2,OTX2,0.823,,,,,,,,
FOXA2,OTX2,0.918,,,,,,,,
CLDN16,TRPM6,0.828,,,,,,,,
REN,SLC12A1,0.767,,,,,,,,
REN,SLC12A3,0.846,,,,,,,,
KLF15,CLCNKB,0.763,,,,,,,,
CLDN19,TRPM6,0.809,,,,,,,,
GNA11,PLCB2,0.944,,,,,,,,
GNA11,PLCB3,0.952,,,,,,,,
GNA11,GNAQ,0.973,,,,,,,,
GNA11,PLCB1,0.973,,,,,,,,
GNA11,CASR,0.977,,,,,,,,
PLCB2,PLCB1,0.801,,,,,,,,
PLCB2,PLCB3,0.835,,,,,,,,
PLCB2,GPRC6A,0.912,,,,,,,,
PLCB2,CASR,0.925,,,,,,,,
PLCB2,GNAI1,0.926,,,,,,,,
PLCB2,GNAQ,0.994,,,,,,,,
GNAQ,GNAI1,0.744,,,,,,,,
GNAQ,CASR,0.968,,,,,,,,
GNAQ,PLCB1,0.999,,,,,,,,
GNAQ,PLCB3,0.999,,,,,,,,
GPRC6A,PLCB1,0.9,,,,,,,,
GPRC6A,PLCB3,0.91,,,,,,,,
GPRC6A,CASR,0.957,,,,,,,,
PLCB1,PLCB3,0.854,,,,,,,,
PLCB1,CASR,0.905,,,,,,,,
PLCB1,GNAI1,0.928,,,,,,,,
GABBR1,CASR,0.904,,,,,,,,
GCM2,PTH,0.906,,,,,,,,
GCM2,CASR,0.945,,,,,,,,
CASR,PLCB3,0.915,,,,,,,,
CASR,GNAI1,0.932,,,,,,,,
CASR,PTH,0.951,,,,,,,,
PLCB3,GNAI1,0.93,,,,,,,,
SLC6A2,SLC5A2,0.84,,,,,,,,
SLC6A2,ADCY7,0.84,,,,,,,,
SI,GLP1R,0.79,,,,,,,,
SI,SLC5A2,0.81,,,,,,,,
SI,INS,0.885,,,,,,,,
SI,GCG,0.886,,,,,,,,
SI,DPP4,0.887,,,,,,,,
REN,DPP4,0.705,,,,,,,,
REN,SLC5A2,0.802,,,,,,,,
REN,INS,0.821,,,,,,,,
PDZK1IP1,SLC5A2,0.925,,,,,,,,
SLC2A2,SLC5A2,0.828,,,,,,,,
SLC5A2,GCG,0.883,,,,,,,,
SLC5A2,INS,0.885,,,,,,,,
SLC5A2,ADCY7,0.903,,,,,,,,
SLC5A2,DPP4,0.909,,,,,,,,
SLC5A2,GLP1R,0.909,,,,,,,,
DPP4,INS,0.906,,,,,,,,
DPP4,GLP1R,0.965,,,,,,,,
DPP4,GCG,0.987,,,,,,,,
GLP1R,INS,0.903,,,,,,,,
GLP1R,GCG,0.999,,,,,,,,
TG,FOXE1,0.858,,,,,,,,
TG,NKX2-1,0.923,,,,,,,,
TG,PAX8,0.933,,,,,,,,
TG,TSHR,0.972,,,,,,,,
FOXA1,GATA6,0.881,,,,,,,,
FOXA1,NKX2-1,0.916,,,,,,,,
NAPSA,PAX8,0.72,,,,,,,,
NAPSA,SFTPB,0.797,,,,,,,,
NAPSA,NKX2-1,0.879,,,,,,,,
NAPSA,KRT7,0.881,,,,,,,,
PAX8,SMAD3,0.839,,,,,,,,
PAX8,KRT7,0.876,,,,,,,,
PAX8,TSHR,0.917,,,,,,,,
PAX8,FOXE1,0.94,,,,,,,,
PAX8,NKX2-1,0.98,,,,,,,,
GATA6,NKX2-1,0.873,,,,,,,,
KRT7,NKX2-1,0.873,,,,,,,,
SMAD3,NKX2-1,0.888,,,,,,,,
NKX2-1,FOXE1,0.951,,,,,,,,
NKX2-1,SFTPB,0.951,,,,,,,,
NKX2-1,TSHR,0.954,,,,,,,,
FOXE1,TSHR,0.888,,,,,,,,
